<?xml version="1.0" encoding="utf-8" ?>
<Defs>

	<RecipeDef Name="ClothProcessBase" Abstract="True">
		<defName>ClothProcessBase</defName>
		<label>process cloth</label>
		<description>Process some cloth.</description>
		<jobString>Processing Cloth.</jobString>
		<workAmount>200</workAmount>
		<workSpeedStat>TailoringSpeed</workSpeedStat>
		<effectWorking>Tailor</effectWorking>
		<soundWorking>Recipe_Tailor</soundWorking>
		<allowMixingIngredients>true</allowMixingIngredients>
		<workSkill>Crafting</workSkill>
		<recipeUsers>
		<li>ElectricTailoringBench</li>
        <li>HandTailoringBench</li>
		</recipeUsers>
	</RecipeDef>

	<RecipeDef ParentName="ClothProcessBase">
    <defName>SalvageFabric</defName>
    <label>salvage fabric</label>
    <description>Salvage unwanted or tainted apparel into reusable fabric.</description>
    <jobString>Salvaging fabric.</jobString>
    <workAmount>800</workAmount>
    <ingredients>
      <li>
        <filter>
          <categories>
            <li>Apparel</li>
          </categories>
        </filter>
        <count>1</count>
      </li>
    </ingredients>
    <specialProducts>
      <li>Smelted</li>
    </specialProducts>
    <fixedIngredientFilter>
      <categories>
        <li>Apparel</li>
      </categories>
	  <disallowedThingDefs>
				<li>Apparel_PsychicFoilHelmet</li>
			</disallowedThingDefs>
    </fixedIngredientFilter>
	<recipeUsers>
		<li>CraftingSpot</li>
	</recipeUsers>
  </RecipeDef>
 
  
  <!--<RecipeDef ParentName="ClothProcessBase">
		<defName>PatchLeather</defName>
		<label>make patchwork leather</label>
		<description>Cut up and patch together scraps of leather.</description>
		<jobString>Patching leather.</jobString>
		<ingredients>
			<li>
				<filter>
					<categories>
						<li>Leathers</li>
					</categories>
				</filter>
				<count>5</count>
			</li>
		</ingredients>
		<products>
			<PatchworkLeather>4</PatchworkLeather>
		</products>
		<fixedIngredientFilter>
			<categories>
				<li>Leathers</li>
			</categories>
			<exceptedThingDefs>
				<li>Human_Leather</li>
			</exceptedThingDefs>
		</fixedIngredientFilter>
		<defaultIngredientFilter>
			<categories>
				<li>Leathers</li>
			</categories>
			<exceptedThingDefs>
				<li>Thrumbo_Leather</li>
			</exceptedThingDefs>
		</defaultIngredientFilter>
		<recipeUsers>
		<li>CraftingSpot</li>
		</recipeUsers>
	</RecipeDef>
	
	<RecipeDef ParentName="ClothProcessBase">
		<defName>PatchLeatherBulk</defName>
		<label>make patchwork leather in bulk</label>
		<description>Cut up and patch together scraps of leather. Makes 5x as much and wastes slightly less material.</description>
		<jobString>Patching leather in bulk.</jobString>
		<workAmount>800</workAmount>
		<ingredients>
			<li>
				<filter>
					<categories>
						<li>Leathers</li>
					</categories>
				</filter>
				<count>25</count>
			</li>
		</ingredients>
		<products>
			<PatchworkLeather>22</PatchworkLeather>
		</products>
		<fixedIngredientFilter>
			<categories>
				<li>Leathers</li>
			</categories>
			<exceptedThingDefs>
				<li>Human_Leather</li>
			</exceptedThingDefs>
		</fixedIngredientFilter>
		<defaultIngredientFilter>
			<categories>
				<li>Leathers</li>
			</categories>
			<exceptedThingDefs>
				<li>Thrumbo_Leather</li>
			</exceptedThingDefs>
		</defaultIngredientFilter>
		<recipeUsers>
		<li>CraftingSpot</li>
		</recipeUsers>
	</RecipeDef>
	
	<RecipeDef ParentName="ClothProcessBase">
		<defName>BondLeather</defName>
		<label>make bonded leather</label>
		<description>Cut up and stitch together leather scraps and cloth into very poor quality leather-substitute.</description>
		<jobString>bonding leather.</jobString>
		<ingredients>
			<li>
				<filter>
					<categories>
						<li>Leathers</li>
					</categories>
				</filter>
				<count>5</count>
			</li>
			<li>
				<filter>
					<thingDefs>
						<li>Cloth</li>
					</thingDefs>
				</filter>
				<count>2</count>
			</li>
		</ingredients>
		<products>
			<BondedLeather>7</BondedLeather>
		</products>
		<fixedIngredientFilter>
			<categories>
				<li>Leathers</li>
			</categories>
			<thingDefs>
				<li>Cloth</li>
			</thingDefs>
			<exceptedThingDefs>
				<li>Human_Leather</li>
			</exceptedThingDefs>
		</fixedIngredientFilter>
		<defaultIngredientFilter>
			<categories>
				<li>Leathers</li>
			</categories>
			<thingDefs>
				<li>Cloth</li>
			</thingDefs>
			<exceptedThingDefs>
				<li>Thrumbo_Leather</li>
			</exceptedThingDefs>
		</defaultIngredientFilter>
		<researchPrerequisite>ComplexClothing</researchPrerequisite>
	</RecipeDef>
	
	<RecipeDef ParentName="ClothProcessBase">
		<defName>BondLeatherBulk</defName>
		<label>make bonded leather in bulk</label>
		<description>Cut up and stitch together leather scraps and cloth into very poor quality leather-substitute. Makes 5x as much.</description>
		<jobString>bonding leather in bulk.</jobString>
		<workAmount>800</workAmount>
		<ingredients>
			<li>
				<filter>
					<categories>
						<li>Leathers</li>
					</categories>
				</filter>
				<count>25</count>
			</li>
			<li>
				<filter>
					<thingDefs>
						<li>Cloth</li>
					</thingDefs>
				</filter>
				<count>10</count>
			</li>
		</ingredients>
		<products>
			<BondedLeather>35</BondedLeather>
		</products>
		<fixedIngredientFilter>
			<categories>
				<li>Leathers</li>
			</categories>
			<thingDefs>
				<li>Cloth</li>
			</thingDefs>
			<exceptedThingDefs>
				<li>Human_Leather</li>
			</exceptedThingDefs>
		</fixedIngredientFilter>
		<defaultIngredientFilter>
			<categories>
				<li>Leathers</li>
			</categories>
			<thingDefs>
				<li>Cloth</li>
			</thingDefs>
			<exceptedThingDefs>
				<li>Thrumbo_Leather</li>
			</exceptedThingDefs>
		</defaultIngredientFilter>
		<researchPrerequisite>ComplexClothing</researchPrerequisite>
	</RecipeDef>
	
	<RecipeDef ParentName="ClothProcessBase">
		<defName>BoilLeather</defName>
		<label>make boiled leather</label>
		<description>Combine and boil leather, reinforced with steel, to make a tough, durable, but not very insulating material.  Great for biker jackets!</description>
		<jobString>Boiling Leather.</jobString>
		<workAmount>300</workAmount>
		<ingredients>
			<li>
				<filter>
					<categories>
						<li>Leathers</li>
					</categories>
				</filter>
				<count>5</count>
			</li>
			<li>
				<filter>
					<thingDefs>
						<li>Steel</li>
					</thingDefs>
				</filter>
				<count>1</count>
			</li>
		</ingredients>
		<products>
			<BoiledLeather>5</BoiledLeather>
		</products>
		<fixedIngredientFilter>
			<categories>
				<li>Leathers</li>
			</categories>
			<thingDefs>
				<li>Steel</li>
			</thingDefs>
			<exceptedThingDefs>
				<li>Human_Leather</li>
			</exceptedThingDefs>
		</fixedIngredientFilter>
		<defaultIngredientFilter>
			<categories>
				<li>Leathers</li>
			</categories>
			<thingDefs>
				<li>Steel</li>
			</thingDefs>
			<exceptedThingDefs>
				<li>Thrumbo_Leather</li>
			</exceptedThingDefs>
		</defaultIngredientFilter>
		<researchPrerequisite>Smithing</researchPrerequisite>
	</RecipeDef>
	
	<RecipeDef ParentName="ClothProcessBase">
		<defName>BoilLeatherBulk</defName>
		<label>make boiled leather in bulk</label>
		<description>Combine and boil leather, reinforced with steel, to make a tough, durable, but not very insulating material.  Great for biker jackets! Makes 5x as much.  More efficient with steel.</description>
		<jobString>Boiling Leather in bulk.</jobString>
		<workAmount>1200</workAmount>
		<ingredients>
			<li>
				<filter>
					<categories>
						<li>Leathers</li>
					</categories>
				</filter>
				<count>25</count>
			</li>
			<li>
				<filter>
					<thingDefs>
						<li>Steel</li>
					</thingDefs>
				</filter>
				<count>3</count>
			</li>
		</ingredients>
		<products>
			<BoiledLeather>25</BoiledLeather>
		</products>
		<fixedIngredientFilter>
			<categories>
				<li>Leathers</li>
			</categories>
			<thingDefs>
				<li>Steel</li>
			</thingDefs>
			<exceptedThingDefs>
				<li>Human_Leather</li>
			</exceptedThingDefs>
		</fixedIngredientFilter>
		<defaultIngredientFilter>
			<categories>
				<li>Leathers</li>
			</categories>
			<thingDefs>
				<li>Steel</li>
			</thingDefs>
			<exceptedThingDefs>
				<li>Thrumbo_Leather</li>
			</exceptedThingDefs>
		</defaultIngredientFilter>
		<researchPrerequisite>Smithing</researchPrerequisite>
	</RecipeDef>
	
	<RecipeDef ParentName="ClothProcessBase">
		<defName>BlendWool</defName>
		<label>make blended wool</label>
		<description>Weave together different types of scrap wool into one usable batch.  Decent quality too!</description>
		<jobString>Blending Wool.</jobString>
		<ingredients>
			<li>
				<filter>
					<thingDefs>
						<li>WoolMegasloth</li>
						<li>WoolMuffalo</li>
						<li>WoolCamel</li>
						<li>WoolAlpaca</li>
					</thingDefs>
				</filter>
				<count>5</count>
			</li>
		</ingredients>
		<products>
			<BlendedWool>5</BlendedWool>
		</products>
		<fixedIngredientFilter>
			<thingDefs>
				<li>WoolMegasloth</li>
				<li>WoolMuffalo</li>
				<li>WoolCamel</li>
				<li>WoolAlpaca</li>
			</thingDefs>
		</fixedIngredientFilter>
		<defaultIngredientFilter>
			<thingDefs>
				<li>WoolMegasloth</li>
				<li>WoolMuffalo</li>
				<li>WoolCamel</li>
				<li>WoolAlpaca</li>
			</thingDefs>
		</defaultIngredientFilter>
	</RecipeDef>
	
	<RecipeDef ParentName="ClothProcessBase">
		<defName>BlendWoolBulk</defName>
		<label>make blended wool in bulk</label>
		<description>Weave together different types of scrap wool into one usable batch.  Decent quality too! Makes 5x as much.</description>
		<jobString>Blending Wool in bulk.</jobString>
		<workAmount>800</workAmount>
		<ingredients>
			<li>
				<filter>
					<thingDefs>
						<li>WoolMegasloth</li>
						<li>WoolMuffalo</li>
						<li>WoolCamel</li>
						<li>WoolAlpaca</li>
					</thingDefs>
				</filter>
				<count>25</count>
			</li>
		</ingredients>
		<products>
			<BlendedWool>25</BlendedWool>
		</products>
		<fixedIngredientFilter>
			<thingDefs>
				<li>WoolMegasloth</li>
				<li>WoolMuffalo</li>
				<li>WoolCamel</li>
				<li>WoolAlpaca</li>
			</thingDefs>
		</fixedIngredientFilter>
		<defaultIngredientFilter>
			<thingDefs>
				<li>WoolMegasloth</li>
				<li>WoolMuffalo</li>
				<li>WoolCamel</li>
				<li>WoolAlpaca</li>
			</thingDefs>
		</defaultIngredientFilter>
	</RecipeDef>-->

	</Defs>